customer_id,age,state,account_type,tenure_months,monthly_transactions,avg_transaction_value_ngn,account_balance_ngn,loan_taken,savings_plan_active,customer_support_calls,app_logins_per_month,referrals_made,churned
NG00001,46,Lagos,Basic,33,56,6244.56,13132.17,0,0,5,73,2,0
NG00002,32,Enugu,Basic,23,49,18432.54,26923.47,1,0,2,54,3,0
NG00003,25,Enugu,Premium,28,42,40550.78,142207.17,0,0,3,3,0,0
NG00004,38,Lagos,Premium,32,42,3234.35,22914.86,0,1,5,9,2,0
NG00005,36,Enugu,Premium,7,56,9391.16,82410.4,1,0,6,46,4,0
NG00006,40,Rivers,Premium,29,36,4561.61,9401.44,0,0,0,74,0,0
NG00007,28,Enugu,Premium,8,20,19392.0,50226.6,0,0,6,13,0,1
NG00008,28,Delta,Basic,1,4,10841.44,169765.36,0,1,0,37,0,0
NG00009,41,Oyo,Basic,3,54,12580.57,4835.98,0,0,4,11,2,1
NG00010,53,Oyo,Premium,24,7,19688.75,375.96,0,0,5,44,0,1
NG00011,41,Rivers,Premium,23,54,6549.59,25579.1,0,0,1,16,3,0
NG00012,20,Abuja,Premium,8,1,30093.97,4374.0,1,0,9,79,0,1
NG00013,39,Rivers,Basic,47,44,9637.85,62093.36,0,1,8,34,4,0
NG00014,19,Delta,Basic,37,56,2563.06,110691.37,0,1,9,65,1,0
NG00015,41,Lagos,Business,3,45,14784.75,25613.92,0,0,5,74,4,0
NG00016,47,Rivers,Premium,33,42,19415.6,13471.45,0,0,6,40,2,0
NG00017,19,Lagos,Basic,28,47,5070.94,25644.33,1,0,9,66,0,1
NG00018,38,Delta,Premium,47,59,23853.98,57841.01,1,0,7,28,0,0
NG00019,50,Kaduna,Business,8,13,28891.83,409.29,0,0,9,17,3,1
NG00020,29,Delta,Basic,34,55,4390.57,40062.03,1,1,0,19,0,0
NG00021,39,Kano,Premium,35,22,49768.37,42753.81,0,1,7,13,4,0
NG00022,42,Lagos,Business,32,54,2319.81,45686.26,0,1,3,33,2,0
NG00023,44,Oyo,Business,24,21,3208.0,12469.55,0,1,9,48,1,0
NG00024,45,Rivers,Business,14,22,2943.4,56337.65,0,1,7,53,0,0
NG00025,33,Kaduna,Premium,32,28,27430.63,4312.84,0,1,5,30,1,0
NG00026,32,Delta,Basic,46,9,13245.95,10000.43,1,0,8,57,0,0
NG00027,20,Lagos,Basic,43,26,2479.97,94472.99,0,1,3,41,2,0
NG00028,54,Kaduna,Basic,16,9,7464.75,60397.86,1,0,1,57,4,0
NG00029,24,Abuja,Basic,4,15,11963.44,622.84,0,0,1,81,2,0
NG00030,38,Kano,Basic,37,10,1545.85,12848.37,0,1,4,29,1,0
NG00031,26,Abuja,Basic,21,24,26187.27,10859.21,1,0,9,24,0,1
NG00032,35,Delta,Basic,14,58,20031.44,14211.72,0,0,8,62,1,0
NG00033,21,Abuja,Basic,31,57,8943.38,12799.52,0,1,2,18,4,0
NG00034,42,Abuja,Premium,18,42,41481.1,2905.5,1,0,7,71,2,0
NG00035,31,Kano,Basic,7,8,6990.49,27640.17,1,0,3,7,1,0
NG00036,26,Kano,Premium,10,24,50205.02,59377.9,1,1,5,2,1,1
NG00037,43,Enugu,Premium,7,16,13728.55,41996.85,1,1,9,66,4,0
NG00038,19,Kano,Basic,33,49,12583.49,50283.12,1,1,5,85,0,0
NG00039,37,Kaduna,Business,23,26,2677.61,3808.42,1,0,2,80,1,0
NG00040,45,Enugu,Premium,21,27,26137.5,136170.0,0,0,4,16,4,0
NG00041,24,Kano,Basic,19,37,7192.69,82043.98,0,1,2,13,0,0
NG00042,25,Abuja,Basic,19,4,2624.19,73584.85,0,1,0,8,0,0
NG00043,52,Oyo,Basic,36,50,652.25,77918.13,0,1,6,61,2,0
NG00044,31,Oyo,Basic,29,24,10345.11,121443.8,1,0,3,20,4,0
NG00045,34,Enugu,Basic,18,19,9494.06,35361.88,1,0,6,75,0,0
NG00046,53,Kano,Premium,2,36,15747.92,10057.33,0,1,2,36,2,0
NG00047,21,Kaduna,Business,1,39,27015.48,43162.0,0,0,4,10,3,0
NG00048,19,Rivers,Premium,47,10,1492.84,61119.82,1,1,4,19,4,0
NG00049,23,Lagos,Basic,5,25,16278.7,60259.3,0,0,1,34,3,0
NG00050,21,Delta,Basic,20,18,2990.37,33164.66,1,1,9,52,0,0
NG00051,46,Kaduna,Basic,11,19,23938.11,3191.16,0,1,1,46,4,0
NG00052,35,Rivers,Basic,42,36,21015.31,20871.16,0,1,3,74,2,0
NG00053,43,Delta,Basic,2,10,9839.07,114091.09,0,0,3,51,0,0
NG00054,51,Rivers,Premium,3,33,15364.54,39516.74,0,1,3,7,4,0
NG00055,27,Rivers,Basic,23,55,5028.66,34780.91,1,1,5,3,4,0
NG00056,53,Enugu,Premium,12,50,8145.01,14091.37,1,0,1,26,3,0
NG00057,31,Oyo,Basic,20,5,21187.21,20680.94,1,1,5,43,0,0
NG00058,48,Lagos,Business,5,47,7877.92,101569.34,0,1,6,39,2,0
NG00059,32,Rivers,Premium,37,49,5814.23,49410.07,0,1,9,46,2,0
NG00060,25,Kano,Premium,38,35,8679.66,69672.68,1,1,2,43,0,0
NG00061,31,Delta,Basic,30,44,21640.53,27259.61,1,0,7,47,0,0
NG00062,40,Kaduna,Business,9,34,5399.37,44771.43,0,0,1,84,1,0
NG00063,38,Oyo,Premium,34,33,2790.46,12848.81,0,0,7,51,3,0
NG00064,33,Delta,Premium,44,55,15438.12,55005.45,1,1,4,83,0,0
NG00065,35,Enugu,Premium,35,21,21482.9,25106.38,0,1,1,67,0,0
NG00066,41,Kano,Premium,22,17,1772.83,26296.85,0,1,6,10,1,1
NG00067,43,Kano,Basic,44,22,3791.25,47154.95,0,0,1,76,1,0
NG00068,42,Rivers,Premium,24,48,2337.42,123896.99,0,0,5,72,4,0
NG00069,46,Kano,Premium,17,37,5631.45,2976.6,1,1,9,3,2,0
NG00070,32,Lagos,Basic,10,15,7681.7,78367.64,1,0,2,75,3,0
NG00071,18,Enugu,Basic,30,35,17079.33,15563.36,0,0,8,72,4,0
NG00072,42,Kano,Basic,46,28,13137.28,26407.9,0,1,2,76,0,0
NG00073,24,Rivers,Premium,23,7,12140.37,997.06,0,0,2,47,1,0
NG00074,26,Delta,Basic,32,32,5713.32,16117.67,0,0,4,25,2,0
NG00075,41,Enugu,Basic,17,11,22600.04,31429.06,0,0,6,76,4,0
NG00076,18,Kano,Basic,17,10,8147.72,2601.7,1,0,7,38,2,1
NG00077,25,Oyo,Premium,14,9,46918.91,30397.29,0,1,6,57,1,0
NG00078,41,Enugu,Basic,9,14,12566.12,117846.56,0,0,8,18,4,1
NG00079,28,Enugu,Premium,40,13,2119.73,5011.7,0,0,4,87,4,0
NG00080,34,Kaduna,Basic,2,57,14030.72,65060.67,0,0,9,82,2,0
NG00081,25,Oyo,Premium,45,25,5218.36,23718.39,0,1,2,76,1,0
NG00082,52,Oyo,Business,25,2,14412.86,47912.15,0,0,5,76,0,0
NG00083,52,Delta,Basic,39,35,1366.22,13564.12,1,1,4,57,4,0
NG00084,50,Abuja,Basic,9,7,2806.74,7818.71,0,0,3,27,0,1
NG00085,22,Kaduna,Premium,22,21,23733.43,7870.69,0,0,1,65,1,0
NG00086,45,Oyo,Basic,43,18,3592.5,3289.49,1,0,6,9,4,1
NG00087,24,Oyo,Basic,46,3,22271.09,9241.24,1,1,4,85,4,0
NG00088,26,Abuja,Premium,4,42,4429.99,49108.38,0,1,3,76,0,0
NG00089,25,Delta,Business,26,54,12856.27,96050.35,1,0,7,57,3,0
NG00090,29,Kaduna,Premium,29,39,14715.95,75720.81,0,1,8,72,0,0
NG00091,51,Oyo,Basic,45,41,9125.39,52002.41,0,1,8,13,0,0
NG00092,50,Rivers,Basic,34,49,4871.49,5265.86,0,0,2,83,3,0
NG00093,40,Delta,Basic,23,11,3368.9,15360.59,1,1,2,14,1,0
NG00094,41,Kaduna,Premium,37,39,905.03,16685.27,1,0,4,32,1,0
NG00095,54,Oyo,Premium,11,24,4847.94,12943.11,0,1,4,16,4,1
NG00096,52,Oyo,Business,6,46,13206.8,32562.81,0,1,9,23,2,0
NG00097,39,Abuja,Basic,18,19,33926.59,34510.93,1,1,1,29,2,0
NG00098,44,Kaduna,Premium,21,4,25094.35,19864.5,0,1,0,61,4,0
NG00099,52,Rivers,Basic,42,26,17932.53,19648.33,0,0,7,12,2,0
NG00100,18,Delta,Basic,36,38,19139.38,79357.33,1,1,2,61,0,0
NG00101,52,Kano,Premium,41,42,13622.96,70077.87,1,0,0,46,0,0
NG00102,54,Lagos,Basic,38,32,4117.91,16554.34,1,0,0,15,3,0
NG00103,31,Rivers,Premium,34,39,29027.06,110292.8,1,1,1,65,3,0
NG00104,20,Kano,Premium,17,45,13830.61,137415.58,0,1,5,80,4,0
NG00105,18,Rivers,Business,37,46,10363.79,17803.24,1,1,5,42,4,0
NG00106,22,Kaduna,Premium,25,36,1911.75,19692.62,1,0,2,7,4,0
NG00107,43,Kano,Premium,38,40,7609.97,31701.58,0,1,3,2,0,0
NG00108,31,Kaduna,Premium,12,37,7902.2,127452.04,0,1,1,11,2,0
NG00109,44,Kano,Basic,23,33,24491.04,94052.39,0,0,1,83,4,0
NG00110,26,Rivers,Basic,42,36,9993.04,4869.8,0,0,6,15,4,0
NG00111,32,Abuja,Premium,22,3,6244.18,22445.24,1,0,0,77,0,0
NG00112,32,Rivers,Premium,21,9,45663.41,36271.23,1,0,6,79,0,0
NG00113,43,Kaduna,Premium,27,8,1908.13,31474.43,0,1,0,58,0,0
NG00114,30,Rivers,Basic,31,33,7089.57,9697.57,0,1,5,48,2,0
NG00115,49,Enugu,Basic,6,59,1015.2,88096.35,1,1,2,62,4,0
NG00116,49,Enugu,Basic,27,6,16660.46,50846.38,0,1,7,61,1,0
NG00117,21,Kano,Premium,40,41,30523.64,81881.71,0,0,5,48,1,0
NG00118,47,Enugu,Premium,34,39,4442.67,88079.63,0,1,1,50,4,0
NG00119,54,Lagos,Premium,12,4,23952.05,62088.27,0,0,7,32,4,1
NG00120,40,Kano,Basic,45,13,4647.43,26028.44,0,1,4,29,4,0
NG00121,32,Enugu,Basic,7,49,29498.48,42435.52,0,0,7,58,4,1
NG00122,46,Oyo,Premium,10,2,17327.23,7865.48,0,1,7,75,2,1
NG00123,53,Rivers,Premium,45,5,20111.33,50389.69,0,0,5,14,1,0
NG00124,30,Delta,Basic,17,44,718.05,8889.33,0,0,1,81,3,0
NG00125,49,Rivers,Premium,26,27,40000.7,53280.25,0,1,7,22,1,0
NG00126,24,Enugu,Basic,21,32,16064.95,11737.94,1,0,5,77,1,0
NG00127,39,Abuja,Premium,28,21,4861.82,5627.46,1,1,5,44,0,0
NG00128,45,Kaduna,Premium,46,8,21720.83,8129.89,0,0,7,61,4,0
NG00129,19,Delta,Premium,2,38,4467.43,89.74,0,1,0,78,4,0
NG00130,23,Kano,Premium,43,8,25239.58,57081.35,1,0,1,70,4,0
NG00131,45,Abuja,Basic,1,50,1933.25,59321.96,0,0,8,14,0,1
NG00132,45,Rivers,Premium,36,3,15096.03,32556.1,0,0,7,45,2,1
NG00133,37,Enugu,Premium,26,54,9836.58,7918.97,1,0,6,63,2,0
NG00134,47,Kano,Premium,29,44,1718.21,3926.36,1,0,6,45,3,0
NG00135,28,Kano,Premium,21,58,3823.18,869.14,1,0,4,55,2,0
NG00136,45,Oyo,Basic,11,3,649.78,8154.9,0,0,1,43,2,0
NG00137,42,Oyo,Business,40,22,8090.68,99678.73,1,0,5,74,4,0
NG00138,50,Enugu,Premium,11,6,4801.81,12440.75,0,1,9,28,1,1
NG00139,18,Enugu,Basic,36,2,11446.31,19681.91,1,1,2,61,2,0
NG00140,44,Lagos,Premium,39,23,4732.84,5009.29,0,0,3,88,2,0
NG00141,30,Oyo,Basic,40,44,4778.71,11317.2,0,1,9,51,0,0
NG00142,20,Kaduna,Basic,35,2,16813.17,32955.98,1,1,1,53,3,0
NG00143,23,Delta,Basic,34,38,1092.08,42113.82,0,0,1,87,0,0
NG00144,25,Kano,Premium,47,17,28483.55,12667.69,0,1,7,56,4,0
NG00145,44,Oyo,Business,24,35,23447.93,2675.96,1,0,7,82,1,0
NG00146,26,Enugu,Premium,22,34,13724.39,22319.59,0,1,9,65,3,0
NG00147,54,Lagos,Premium,5,23,11293.84,12007.74,0,0,5,21,0,1
NG00148,50,Enugu,Basic,33,30,27241.15,11155.03,0,1,4,19,2,0
NG00149,41,Enugu,Basic,36,52,2959.67,144695.33,1,1,7,32,2,0
NG00150,32,Enugu,Basic,47,8,1487.14,43105.3,1,0,3,71,3,0
NG00151,49,Rivers,Premium,20,22,3785.51,36626.0,0,0,3,24,2,0
NG00152,49,Delta,Business,19,44,19492.28,24186.12,1,1,4,45,0,0
NG00153,41,Oyo,Basic,35,58,923.43,25212.09,0,0,0,72,0,0
NG00154,29,Kano,Premium,43,36,10990.47,35032.42,1,1,0,56,2,0
NG00155,19,Rivers,Business,17,5,65178.66,53646.41,0,1,1,86,2,0
NG00156,20,Enugu,Basic,45,13,23730.0,54501.85,0,1,7,4,4,1
NG00157,54,Kaduna,Premium,43,29,9343.83,8476.76,1,1,6,54,1,0
NG00158,34,Kano,Premium,34,31,1289.07,31201.77,0,1,9,60,3,0
NG00159,19,Rivers,Premium,9,47,21860.83,23893.07,0,1,8,88,0,0
NG00160,19,Kaduna,Basic,26,57,11464.88,91992.72,0,0,4,7,3,0
NG00161,45,Kaduna,Premium,2,55,1965.1,44914.26,1,0,1,15,4,0
NG00162,40,Delta,Premium,9,16,1682.7,34216.41,0,0,6,47,0,1
NG00163,54,Kano,Basic,9,42,29345.69,5517.61,0,1,7,60,4,0
NG00164,49,Oyo,Premium,40,30,13774.91,41871.86,0,1,6,14,4,0
NG00165,50,Oyo,Basic,17,57,21713.24,5609.75,0,0,6,64,2,0
NG00166,18,Lagos,Business,1,55,25841.48,18508.14,0,1,4,21,3,1
NG00167,36,Rivers,Premium,25,16,10677.2,6935.98,1,0,1,2,3,0
NG00168,19,Lagos,Premium,43,12,9243.96,53005.26,1,0,5,53,2,0
NG00169,43,Abuja,Basic,40,17,7254.43,10394.52,0,1,3,13,3,0
NG00170,49,Oyo,Basic,42,16,5074.19,22380.71,0,0,9,35,2,1
NG00171,23,Rivers,Basic,25,12,7342.58,101710.9,0,1,1,81,0,0
NG00172,49,Delta,Basic,39,8,18340.26,10284.91,0,0,8,81,4,0
NG00173,21,Lagos,Basic,35,20,11553.33,31899.62,1,1,6,66,4,0
NG00174,28,Delta,Premium,3,3,27265.77,24456.25,0,1,5,9,3,1
NG00175,34,Delta,Basic,37,16,7530.47,823.06,0,0,4,48,1,0
NG00176,41,Enugu,Premium,44,30,11710.08,70824.09,1,1,2,64,4,0
NG00177,22,Enugu,Basic,44,45,12473.51,3219.54,0,1,9,56,2,0
NG00178,51,Delta,Premium,30,23,11248.95,28932.26,1,0,9,26,1,0
NG00179,23,Lagos,Premium,38,28,15053.49,37013.55,0,0,3,74,1,0
NG00180,39,Enugu,Premium,34,51,3752.79,44550.38,1,1,2,4,4,0
NG00181,28,Abuja,Business,12,40,9118.23,52505.04,1,0,7,70,4,0
NG00182,33,Kaduna,Basic,19,54,1820.79,13142.47,1,0,2,82,4,0
NG00183,50,Kaduna,Basic,37,5,6324.06,451.3,1,0,6,56,2,0
NG00184,26,Enugu,Basic,44,20,8525.37,57840.33,0,0,6,14,1,0
NG00185,23,Lagos,Basic,17,40,13174.37,34520.89,0,1,6,75,3,0
NG00186,33,Kaduna,Premium,10,56,36576.92,81387.31,1,0,6,29,2,0
NG00187,46,Kano,Basic,47,44,11515.04,77514.37,0,0,1,19,0,0
NG00188,20,Kaduna,Premium,12,1,16831.91,83411.51,0,0,9,36,4,1
NG00189,37,Oyo,Basic,16,57,8969.1,29869.75,0,0,2,2,1,0
NG00190,53,Lagos,Business,24,30,12564.87,18265.85,0,1,9,72,2,0
NG00191,36,Enugu,Business,19,21,1382.88,70564.29,0,0,8,40,0,1
NG00192,43,Enugu,Basic,8,20,4022.66,27008.67,0,1,2,38,2,0
NG00193,20,Kaduna,Basic,31,6,5890.24,9119.59,1,0,1,25,2,0
NG00194,36,Lagos,Premium,21,22,8175.13,86887.91,0,0,8,1,3,1
NG00195,37,Abuja,Business,17,18,1060.68,96382.2,0,1,9,22,3,0
NG00196,49,Kano,Basic,23,8,2310.21,28257.29,0,0,8,22,2,0
NG00197,24,Enugu,Basic,37,39,4389.07,3542.32,0,1,3,84,0,0
NG00198,50,Lagos,Business,16,32,43207.99,22083.25,1,1,8,15,1,0
NG00199,35,Enugu,Premium,6,33,5329.88,73227.8,0,0,2,8,1,0
NG00200,18,Enugu,Basic,8,53,8394.31,104421.81,0,0,6,12,4,1
NG00201,28,Oyo,Premium,25,16,3119.33,10237.23,1,1,6,27,4,1
NG00202,45,Kaduna,Business,18,12,11823.33,3119.48,0,0,7,26,1,0
NG00203,42,Oyo,Premium,25,38,4453.44,94429.09,0,0,9,50,2,0
NG00204,40,Kaduna,Premium,12,52,3283.07,22199.46,0,0,3,63,2,0
NG00205,48,Enugu,Premium,15,34,9222.25,35116.39,1,0,2,51,3,0
NG00206,47,Lagos,Basic,26,14,566.25,154983.52,0,1,2,80,3,0
NG00207,52,Delta,Premium,41,36,592.32,3099.76,0,0,4,37,4,0
NG00208,24,Kaduna,Basic,45,33,3467.22,47026.26,0,0,0,64,1,0
NG00209,33,Delta,Business,26,23,948.95,3464.77,0,1,9,17,2,1
NG00210,43,Kano,Basic,47,50,1871.82,21183.94,0,0,2,62,1,0
NG00211,19,Oyo,Business,32,45,5465.49,73291.27,0,0,5,50,0,0
NG00212,18,Delta,Basic,10,2,19969.41,25570.31,0,1,2,8,1,0
NG00213,29,Oyo,Premium,16,41,10684.95,264233.41,1,0,4,12,0,0
NG00214,22,Kaduna,Basic,7,21,9125.71,36848.02,1,1,8,39,3,0
NG00215,54,Kaduna,Premium,17,2,4669.0,17431.78,0,1,1,54,3,0
NG00216,49,Kano,Premium,23,27,32715.59,11187.18,1,0,1,78,4,0
NG00217,26,Kaduna,Premium,26,57,6570.36,19421.28,0,1,5,42,1,0
NG00218,52,Enugu,Premium,21,9,1593.45,20972.91,0,0,5,43,1,0
NG00219,36,Kano,Basic,22,1,12018.73,3203.48,1,0,7,67,0,0
NG00220,33,Delta,Business,7,11,1950.27,20761.19,1,1,1,32,3,0
NG00221,20,Kaduna,Premium,14,3,5581.53,28082.98,1,1,8,23,0,0
NG00222,37,Lagos,Premium,15,52,8996.98,57725.62,0,0,1,35,3,0
NG00223,41,Rivers,Premium,7,23,25378.89,48115.64,1,1,0,9,0,0
NG00224,50,Abuja,Premium,9,26,8663.88,55513.22,0,1,9,19,3,1
NG00225,41,Enugu,Basic,8,4,15038.37,377.95,1,1,1,74,0,0
NG00226,28,Rivers,Premium,23,18,59732.19,11046.39,1,1,6,11,3,0
NG00227,25,Rivers,Premium,29,55,2191.7,48769.91,0,0,7,61,0,0
NG00228,53,Oyo,Business,18,6,4354.56,29773.26,1,0,4,17,1,0
NG00229,37,Enugu,Premium,31,35,6521.92,239.74,0,1,5,62,4,0
NG00230,52,Enugu,Basic,30,22,7074.61,73447.54,0,0,0,83,0,0
NG00231,42,Kano,Basic,39,43,6852.38,66688.5,0,1,5,24,4,0
NG00232,52,Oyo,Basic,35,15,29080.97,35775.04,0,0,7,11,1,0
NG00233,42,Delta,Basic,18,22,15522.53,3094.88,1,0,2,20,1,0
NG00234,46,Abuja,Premium,42,37,11735.02,65458.69,1,0,0,24,3,0
NG00235,35,Delta,Business,39,52,4941.86,39437.18,0,1,3,10,4,0
NG00236,35,Lagos,Basic,17,42,21332.97,68538.45,1,0,0,63,2,0
NG00237,19,Abuja,Basic,14,12,37729.26,62698.81,1,1,7,72,3,0
NG00238,52,Oyo,Business,31,47,21157.73,73105.29,0,0,4,49,4,0
NG00239,33,Kaduna,Premium,24,49,518.8,32842.26,1,0,0,61,0,0
NG00240,53,Kaduna,Premium,35,42,12640.46,6804.01,0,0,7,88,0,0
NG00241,50,Oyo,Premium,44,38,1129.87,50047.93,1,1,8,48,1,0
NG00242,21,Delta,Premium,45,18,4074.52,43597.42,0,0,9,13,2,1
NG00243,50,Oyo,Basic,34,45,1236.44,61009.99,0,0,1,0,0,0
NG00244,31,Oyo,Basic,3,35,11609.9,8378.38,0,0,8,80,4,1
NG00245,38,Rivers,Basic,37,30,14422.91,9759.7,1,0,7,24,4,0
NG00246,37,Lagos,Basic,43,24,1959.07,99495.21,0,1,6,58,0,0
NG00247,25,Enugu,Business,40,42,6310.96,62379.25,0,1,2,71,4,0
NG00248,24,Kaduna,Premium,26,30,7810.89,107480.4,0,0,1,68,4,0
NG00249,20,Rivers,Basic,23,14,6026.4,63980.0,1,1,6,4,1,0
NG00250,34,Oyo,Basic,44,6,2047.99,40914.19,0,1,4,18,2,0
NG00251,50,Kano,Basic,39,3,7014.98,47776.51,0,0,5,22,1,0
NG00252,29,Rivers,Premium,15,16,17192.21,98972.02,0,1,3,8,2,0
NG00253,39,Oyo,Premium,4,7,1383.86,38909.86,0,1,1,49,4,0
NG00254,39,Kaduna,Basic,29,52,1502.93,45033.13,1,0,8,15,2,0
NG00255,47,Enugu,Basic,22,14,5757.81,7657.55,1,0,2,32,4,0
NG00256,25,Oyo,Premium,25,9,34611.13,28903.69,0,1,6,1,4,0
NG00257,44,Lagos,Premium,13,15,13752.16,56708.11,0,1,7,13,1,0
NG00258,44,Delta,Basic,18,21,14123.44,14220.13,1,0,1,0,1,0
NG00259,51,Abuja,Premium,33,35,5891.5,10168.44,0,0,5,89,3,0
NG00260,38,Rivers,Premium,16,2,11306.8,16948.13,1,0,7,57,0,1
NG00261,47,Rivers,Basic,45,27,622.19,12438.6,1,1,6,88,3,0
NG00262,50,Rivers,Basic,42,2,12630.38,10888.21,1,1,2,15,3,0
NG00263,45,Oyo,Basic,44,35,29841.81,24890.66,0,1,0,78,2,0
NG00264,50,Enugu,Business,2,18,11878.75,107289.58,0,0,5,89,4,0
NG00265,22,Lagos,Business,35,14,25329.01,31831.52,1,1,7,46,4,0
NG00266,36,Enugu,Business,42,20,15947.08,9367.06,0,1,5,43,4,0
NG00267,21,Oyo,Premium,34,18,2041.62,3604.29,1,0,4,79,0,0
NG00268,52,Oyo,Premium,30,10,28429.09,53605.86,0,0,7,13,2,0
NG00269,34,Delta,Premium,13,25,1325.05,21715.21,1,1,1,23,2,0
NG00270,45,Kano,Business,13,2,9662.0,77626.01,0,1,0,54,4,0
NG00271,47,Lagos,Basic,18,25,2339.73,48481.73,0,0,0,14,3,0
NG00272,46,Rivers,Premium,32,54,641.31,71586.88,0,1,3,82,0,0
NG00273,23,Abuja,Premium,32,33,7078.89,14282.11,1,0,5,71,3,0
NG00274,52,Rivers,Premium,35,36,4695.38,53046.97,1,1,8,33,1,0
NG00275,54,Enugu,Basic,39,31,8486.4,13797.42,0,1,0,1,2,0
NG00276,41,Oyo,Premium,46,14,10830.27,125910.21,0,1,0,26,2,0
NG00277,46,Lagos,Premium,29,1,1036.69,45523.36,1,1,4,73,3,0
NG00278,48,Kaduna,Basic,29,46,2075.02,17654.38,0,1,9,86,0,0
NG00279,52,Lagos,Premium,44,16,10314.8,14131.9,0,0,4,71,2,0
NG00280,50,Lagos,Basic,16,54,5543.91,9533.95,0,1,4,22,3,0
NG00281,38,Kano,Business,44,46,16175.32,53382.02,0,0,9,67,0,0
NG00282,49,Rivers,Premium,47,52,13176.69,11106.72,0,0,5,13,3,0
NG00283,40,Kano,Premium,10,3,22918.84,40707.78,0,0,7,62,0,1
NG00284,50,Kaduna,Basic,30,35,14651.08,13832.48,0,0,2,64,4,0
NG00285,20,Kaduna,Basic,25,41,7243.98,48807.79,0,1,8,67,0,0
NG00286,35,Delta,Premium,39,6,13912.32,75918.32,0,0,0,62,1,0
NG00287,42,Enugu,Basic,20,25,4365.31,67733.62,0,1,3,89,4,0
NG00288,48,Abuja,Premium,5,13,4888.82,64380.14,0,1,8,80,3,0
NG00289,20,Delta,Basic,1,53,19169.92,9356.09,1,0,7,86,4,0
NG00290,41,Oyo,Premium,30,34,7596.18,4164.19,0,1,9,63,4,0
NG00291,49,Kano,Premium,3,8,19716.47,54021.38,0,0,8,31,3,1
NG00292,39,Kano,Basic,45,21,21240.17,20673.69,0,0,0,78,3,0
NG00293,40,Delta,Premium,14,34,23886.21,25480.96,0,1,8,12,1,1
NG00294,19,Oyo,Premium,30,4,30314.35,1424.0,0,0,2,65,3,0
NG00295,44,Lagos,Premium,4,25,7266.19,13523.98,0,0,9,18,2,1
NG00296,19,Oyo,Basic,18,15,5107.97,1541.54,1,1,8,23,2,1
NG00297,43,Rivers,Premium,37,4,10972.99,95107.56,0,1,0,87,1,0
NG00298,34,Delta,Basic,25,45,6066.78,12551.23,1,0,0,10,0,0
NG00299,50,Enugu,Basic,1,12,11527.76,36672.61,0,1,8,58,0,0
NG00300,26,Oyo,Basic,46,32,15173.21,1789.17,0,1,5,85,2,0
NG00301,46,Lagos,Premium,15,32,14492.61,49461.96,0,1,3,14,3,0
NG00302,43,Oyo,Basic,9,28,6131.46,17555.6,0,0,6,9,1,1
NG00303,52,Kano,Business,15,13,2690.65,102689.57,0,1,4,40,0,0
NG00304,42,Abuja,Basic,24,31,7256.58,98564.05,1,1,9,26,0,0
NG00305,41,Kano,Basic,4,14,2346.13,17706.3,0,1,6,59,4,0
NG00306,30,Enugu,Basic,12,20,26997.89,104050.82,1,1,7,72,2,0
NG00307,24,Kaduna,Basic,37,18,5593.53,250275.48,1,0,7,51,3,0
NG00308,53,Abuja,Premium,37,29,2513.35,78540.63,0,0,0,27,1,0
NG00309,37,Kaduna,Basic,43,6,809.33,83857.52,0,0,7,64,0,0
NG00310,18,Oyo,Basic,6,32,12955.48,12886.26,0,0,5,16,4,0
NG00311,25,Rivers,Basic,39,29,12657.0,38685.59,0,1,3,43,2,0
NG00312,33,Enugu,Basic,46,43,5497.18,3133.1,0,0,7,9,2,0
NG00313,31,Oyo,Basic,24,2,1392.96,4487.83,0,1,2,62,1,0
NG00314,29,Lagos,Premium,11,23,6824.05,306258.8,0,1,3,81,0,0
NG00315,40,Oyo,Premium,13,19,4973.96,17796.33,0,0,5,46,1,0
NG00316,32,Abuja,Premium,34,31,14065.72,62057.53,1,0,6,37,1,0
NG00317,45,Kano,Premium,25,51,11670.13,73949.9,1,1,3,69,4,0
NG00318,51,Rivers,Premium,7,5,5941.89,87844.15,1,1,3,75,2,0
NG00319,19,Kaduna,Business,4,19,3449.16,271986.62,0,0,6,52,3,0
NG00320,49,Oyo,Basic,8,34,53610.2,12438.35,0,0,5,77,2,0
NG00321,40,Oyo,Basic,20,10,7761.67,1853.44,0,1,7,43,2,1
NG00322,39,Kano,Basic,29,25,14487.58,23834.44,0,1,0,73,4,0
NG00323,42,Rivers,Basic,45,2,2317.59,6270.97,0,0,9,53,3,0
NG00324,39,Delta,Basic,46,11,8476.81,1020.65,1,1,6,19,0,0
NG00325,39,Kaduna,Premium,10,50,835.08,20112.94,1,0,6,78,3,0
NG00326,23,Oyo,Basic,43,31,8949.41,68906.96,0,0,6,30,0,0
NG00327,32,Oyo,Business,34,56,40396.64,37580.72,0,0,6,6,3,0
NG00328,54,Delta,Basic,26,15,6318.13,16879.4,0,0,9,57,1,1
NG00329,50,Kaduna,Basic,41,9,977.32,47803.75,0,0,9,9,3,1
NG00330,25,Abuja,Business,3,23,877.34,11879.51,0,0,7,9,4,1
NG00331,22,Abuja,Premium,6,19,6392.02,651.86,0,0,8,38,0,1
NG00332,21,Enugu,Basic,5,9,2592.6,65043.99,0,0,8,27,2,1
NG00333,23,Enugu,Premium,5,35,783.55,43986.74,1,0,1,29,4,0
NG00334,49,Lagos,Premium,47,21,17437.55,64654.06,0,1,6,36,0,0
NG00335,47,Kano,Basic,23,9,7861.46,1787.24,1,0,6,66,0,0
NG00336,52,Rivers,Basic,9,28,4597.13,81663.27,0,0,3,42,2,0
NG00337,33,Oyo,Premium,35,46,28141.01,43485.21,0,1,8,78,1,0
NG00338,30,Kaduna,Premium,20,51,1981.47,37292.72,0,1,7,84,4,0
NG00339,47,Oyo,Basic,42,7,37960.67,44091.03,0,0,0,51,2,0
NG00340,36,Enugu,Premium,35,16,5021.95,89923.1,0,1,1,55,2,0
NG00341,34,Lagos,Basic,18,16,26814.41,39786.93,1,1,1,75,1,0
NG00342,36,Kaduna,Business,17,33,11584.1,39139.47,1,1,7,67,4,0
NG00343,45,Kaduna,Basic,24,4,21533.28,210397.6,0,0,0,8,2,0
NG00344,43,Oyo,Business,3,4,50131.88,63611.28,0,1,3,22,1,0
NG00345,54,Kano,Premium,32,39,4582.96,26276.53,1,0,9,62,4,0
NG00346,43,Lagos,Basic,35,40,39472.08,55302.23,0,1,4,60,3,0
NG00347,40,Kano,Basic,38,17,6421.37,22186.6,0,1,8,39,0,0
NG00348,26,Lagos,Premium,13,37,6343.59,11695.74,0,0,6,43,1,0
NG00349,29,Oyo,Business,47,39,5493.23,40880.31,1,1,7,85,0,0
NG00350,18,Lagos,Basic,25,52,9855.12,118512.97,1,0,8,23,3,0
NG00351,18,Abuja,Basic,9,29,2508.89,119116.91,0,1,6,50,2,0
NG00352,51,Kaduna,Premium,4,52,10181.48,18828.29,1,0,4,57,2,0
NG00353,49,Rivers,Premium,14,36,9862.9,33754.19,1,0,4,89,4,0
NG00354,42,Oyo,Basic,37,38,17720.87,10700.79,0,0,9,32,1,1
NG00355,18,Delta,Premium,34,39,22023.93,244496.08,0,1,5,15,1,0
NG00356,33,Rivers,Premium,11,50,7467.28,178629.36,0,0,4,21,4,0
NG00357,22,Oyo,Basic,41,37,4820.16,47178.9,1,0,8,56,0,0
NG00358,39,Rivers,Basic,3,52,4102.48,73428.99,0,0,2,61,2,0
NG00359,46,Abuja,Basic,28,35,3097.35,56502.79,1,1,2,81,2,0
NG00360,20,Rivers,Premium,29,7,1212.51,40469.89,0,1,6,70,1,0
NG00361,29,Lagos,Premium,9,27,5530.78,2467.07,1,0,6,89,1,0
NG00362,43,Enugu,Premium,3,28,4280.6,27294.17,0,0,5,71,4,0
NG00363,33,Rivers,Basic,25,22,41224.96,50547.28,0,0,2,69,3,0
NG00364,54,Oyo,Basic,34,14,10289.44,50928.76,1,0,6,29,0,0
NG00365,39,Delta,Premium,12,7,5619.23,21015.19,1,0,4,22,3,1
NG00366,46,Delta,Basic,42,37,10923.37,127890.71,1,1,6,31,3,0
NG00367,31,Enugu,Premium,9,22,2298.67,8241.77,0,0,1,85,1,0
NG00368,45,Kano,Premium,15,5,7544.79,31223.98,1,0,5,56,1,0
NG00369,22,Enugu,Basic,40,55,12309.51,52831.74,0,0,7,8,1,0
NG00370,47,Kaduna,Basic,25,2,8554.23,53751.19,0,1,0,30,3,0
NG00371,22,Rivers,Basic,5,27,6665.54,47067.34,0,1,3,70,0,0
NG00372,29,Delta,Basic,11,21,61592.5,14489.16,0,1,0,8,1,0
NG00373,33,Enugu,Premium,34,54,25974.68,7643.14,0,0,0,12,2,0
NG00374,43,Rivers,Basic,24,38,12219.05,45469.69,1,0,9,57,0,0
NG00375,43,Kaduna,Basic,15,15,10610.28,41154.64,0,0,7,2,2,1
NG00376,38,Delta,Premium,38,21,12131.88,8894.97,1,0,6,34,0,0
NG00377,53,Kaduna,Basic,8,10,3197.42,54956.33,0,1,9,20,1,1
NG00378,50,Rivers,Premium,5,23,6533.05,27327.83,0,1,0,63,4,0
NG00379,47,Oyo,Basic,26,58,983.11,49585.48,0,1,1,51,1,0
NG00380,54,Rivers,Basic,18,56,8244.77,81731.68,1,1,3,33,3,0
NG00381,40,Enugu,Basic,6,39,9897.51,8370.11,1,0,0,34,3,0
NG00382,27,Kaduna,Basic,37,5,3601.36,869.87,1,1,2,14,0,0
NG00383,22,Oyo,Premium,13,1,40400.46,67952.56,1,0,7,5,3,1
NG00384,53,Oyo,Premium,28,13,29322.85,42337.49,0,0,7,84,1,0
NG00385,51,Kano,Basic,5,21,15867.79,54124.74,0,1,7,31,2,0
NG00386,48,Delta,Basic,13,26,9647.05,81950.22,1,0,5,51,1,0
NG00387,27,Lagos,Basic,17,50,24979.8,73061.65,0,0,5,82,0,0
NG00388,36,Oyo,Basic,40,45,2180.15,145896.67,0,0,4,27,3,0
NG00389,49,Kaduna,Basic,45,21,19256.94,34547.89,0,1,8,84,2,0
NG00390,18,Delta,Premium,32,53,2099.92,30167.96,0,1,3,63,4,0
NG00391,22,Abuja,Premium,29,18,19470.83,23128.92,0,0,9,78,2,1
NG00392,21,Rivers,Basic,3,37,4371.71,7509.19,0,1,6,77,2,0
NG00393,33,Enugu,Premium,40,45,25655.69,38252.33,0,0,0,18,1,0
NG00394,41,Kaduna,Business,34,32,35097.87,14596.35,0,0,8,14,4,0
NG00395,33,Abuja,Basic,40,36,2433.24,114399.34,0,1,6,5,0,0
NG00396,19,Kaduna,Premium,27,17,7953.84,39380.7,0,1,9,72,0,1
NG00397,45,Rivers,Premium,13,35,48051.83,40434.73,1,1,8,83,2,0
NG00398,49,Kano,Basic,45,49,8426.01,19727.47,0,0,6,37,2,0
NG00399,44,Kaduna,Business,33,11,24401.35,2402.53,0,1,1,25,3,0
NG00400,37,Oyo,Basic,6,21,11162.11,1451.63,1,1,5,81,4,0
NG00401,41,Lagos,Basic,24,52,6146.38,24772.23,0,1,9,50,2,0
NG00402,29,Oyo,Premium,19,55,4538.83,3976.03,0,0,3,72,3,0
NG00403,52,Rivers,Basic,16,53,3226.17,42010.03,1,1,2,52,4,0
NG00404,50,Kaduna,Basic,40,26,17715.64,95778.22,0,1,1,55,0,0
NG00405,50,Lagos,Basic,28,4,6363.69,96518.41,1,0,5,58,3,0
NG00406,54,Oyo,Premium,33,34,9091.48,48420.27,1,0,7,69,4,0
NG00407,29,Lagos,Premium,41,52,8634.98,10677.73,1,0,5,77,3,0
NG00408,20,Enugu,Premium,13,48,10832.52,89448.81,0,1,8,57,2,0
NG00409,18,Rivers,Business,43,18,24581.18,97756.95,0,1,4,87,1,0
NG00410,50,Kano,Basic,45,40,47896.29,9853.62,0,1,1,12,0,0
NG00411,27,Kano,Basic,25,35,6782.56,60175.02,0,1,7,42,2,0
NG00412,46,Kaduna,Premium,42,41,21589.61,15192.01,0,1,8,75,2,0
NG00413,30,Oyo,Premium,36,29,17853.95,73022.73,0,0,9,50,4,0
NG00414,29,Abuja,Basic,27,52,10726.53,265129.38,0,0,3,18,3,0
NG00415,48,Rivers,Basic,38,29,37995.65,1371.87,0,0,5,20,0,0
NG00416,19,Oyo,Premium,7,38,3184.84,102446.31,0,0,9,82,2,1
NG00417,52,Oyo,Business,5,42,1888.49,43853.87,0,0,7,23,4,1
NG00418,40,Kano,Premium,43,21,23586.66,163178.59,1,1,8,25,0,0
NG00419,34,Kaduna,Basic,45,42,7439.62,28147.78,0,0,4,44,3,0
NG00420,43,Lagos,Business,31,13,23025.37,84593.52,0,0,5,27,2,0
NG00421,25,Rivers,Business,23,49,27329.24,2899.15,1,0,3,81,2,0
NG00422,46,Enugu,Premium,42,41,1273.92,18377.46,0,0,4,28,2,0
NG00423,43,Lagos,Premium,10,17,26294.74,3121.55,0,1,6,16,0,1
NG00424,27,Delta,Premium,32,56,7637.42,166621.49,0,1,8,67,0,0
NG00425,43,Delta,Business,43,9,9070.79,76415.69,1,1,9,43,0,0
NG00426,51,Rivers,Premium,30,41,12321.02,86141.19,0,0,5,60,0,0
NG00427,24,Kaduna,Premium,39,1,31806.49,125102.71,0,1,5,67,4,0
NG00428,21,Abuja,Premium,31,2,731.61,4002.49,0,1,7,73,1,0
NG00429,28,Delta,Basic,18,48,8274.49,21919.73,1,1,3,24,4,0
NG00430,46,Kano,Premium,36,29,14466.34,3315.78,0,0,2,66,2,0
NG00431,53,Abuja,Premium,2,33,15892.17,10652.7,0,1,6,1,4,0
NG00432,42,Oyo,Business,14,10,14652.63,11724.36,1,1,4,88,3,0
NG00433,38,Delta,Basic,13,50,2232.48,28493.78,0,1,1,48,0,0
NG00434,53,Kano,Premium,29,58,4769.74,14073.44,1,1,1,69,3,0
NG00435,27,Oyo,Basic,12,40,5831.39,4790.16,0,0,5,25,3,0
NG00436,54,Abuja,Premium,39,21,20082.49,8249.01,1,1,7,71,2,0
NG00437,26,Rivers,Premium,2,28,4421.4,7169.35,0,0,0,26,0,0
NG00438,41,Oyo,Basic,32,11,3339.38,162664.51,1,1,5,88,3,0
NG00439,52,Lagos,Premium,13,55,38384.35,64087.78,1,0,1,17,2,0
NG00440,52,Rivers,Basic,46,34,606.83,154556.68,0,0,1,53,0,0
NG00441,53,Rivers,Basic,27,8,74045.88,26070.98,0,0,6,0,1,1
NG00442,35,Abuja,Premium,41,59,14054.6,14680.83,0,1,9,60,2,0
NG00443,49,Abuja,Basic,17,22,21655.92,72042.3,0,0,0,2,4,0
NG00444,41,Kano,Basic,40,8,4688.21,17770.59,0,1,5,67,0,0
NG00445,40,Kano,Basic,31,49,673.02,16010.75,0,1,6,40,3,0
NG00446,49,Lagos,Basic,34,15,16566.95,11908.11,0,0,7,36,3,0
NG00447,54,Rivers,Premium,24,17,22059.67,6250.19,0,0,6,50,4,0
NG00448,29,Enugu,Basic,45,23,16686.88,13335.16,0,0,5,14,4,0
NG00449,30,Kaduna,Business,35,24,2349.71,19755.04,1,1,8,7,3,1
NG00450,40,Lagos,Basic,6,45,17301.21,50437.81,0,1,2,37,0,0
NG00451,42,Lagos,Basic,19,19,18080.04,2907.35,0,0,5,82,2,0
NG00452,52,Kaduna,Basic,30,5,13394.31,10636.39,0,0,3,55,4,0
NG00453,47,Kaduna,Premium,7,32,17935.16,74502.25,0,1,1,46,4,0
NG00454,34,Kaduna,Premium,10,44,22943.51,7150.69,0,1,0,89,4,0
NG00455,37,Abuja,Business,41,1,11910.71,18878.91,0,1,0,9,1,0
NG00456,42,Lagos,Premium,32,23,1613.34,89998.07,0,1,9,77,0,0
NG00457,39,Lagos,Basic,34,37,8524.45,7574.86,1,0,2,48,0,0
NG00458,30,Oyo,Premium,28,8,1469.96,3886.24,0,0,3,40,0,0
NG00459,36,Kaduna,Business,15,13,6781.72,29821.13,1,0,1,82,0,0
NG00460,53,Kaduna,Basic,30,8,6772.89,16206.18,1,0,0,29,0,0
NG00461,29,Kano,Basic,37,57,1319.47,37294.06,1,0,3,4,3,0
NG00462,36,Kano,Premium,29,23,5647.64,73289.05,1,0,6,70,4,0
NG00463,29,Rivers,Basic,22,43,1911.87,6638.07,0,0,9,82,3,1
NG00464,26,Kano,Business,4,1,20317.83,39112.49,0,1,5,30,1,0
NG00465,24,Delta,Basic,20,45,35906.36,31690.16,1,1,5,51,2,0
NG00466,45,Rivers,Basic,32,51,1400.78,7000.96,0,1,8,87,4,0
NG00467,31,Enugu,Business,36,24,37743.87,44017.29,0,1,1,22,1,0
NG00468,48,Kaduna,Premium,4,35,9372.22,14386.95,1,0,3,47,3,0
NG00469,36,Oyo,Basic,27,24,4772.66,30109.82,1,1,4,39,2,0
NG00470,33,Kano,Business,17,17,1459.72,3863.46,1,0,0,5,1,0
NG00471,22,Oyo,Basic,12,5,8832.76,27693.73,1,1,7,37,2,0
NG00472,52,Kano,Basic,22,20,19488.62,16467.81,1,0,7,40,1,0
NG00473,29,Kano,Business,17,21,15234.53,77765.2,0,1,5,26,3,0
NG00474,42,Oyo,Premium,10,40,1118.37,2639.99,1,0,4,74,2,0
NG00475,38,Lagos,Basic,1,58,1408.35,24404.8,0,0,7,68,1,1
NG00476,53,Lagos,Basic,22,31,6687.51,27597.85,0,1,2,56,3,0
NG00477,40,Lagos,Premium,26,46,4699.64,58095.28,1,0,2,16,4,0
NG00478,33,Delta,Basic,18,36,3673.59,38429.6,0,1,1,70,3,0
NG00479,31,Lagos,Premium,14,11,4458.8,49511.28,0,1,4,46,3,0
NG00480,48,Kano,Premium,47,52,20024.06,67536.2,0,1,2,78,4,0
NG00481,22,Kaduna,Basic,29,15,32279.51,89188.81,1,1,2,12,3,0
NG00482,52,Abuja,Premium,12,19,6732.4,16951.33,0,1,5,10,4,0
NG00483,40,Oyo,Business,36,7,28887.7,34750.78,1,0,7,89,4,0
NG00484,46,Kaduna,Basic,35,51,5154.37,82496.57,0,1,1,85,4,0
NG00485,28,Abuja,Basic,12,28,8265.17,204828.15,1,1,3,23,1,0
NG00486,35,Kaduna,Basic,7,51,3574.65,99131.15,1,1,6,72,2,0
NG00487,29,Delta,Premium,29,43,12775.69,20896.52,0,0,0,3,1,0
NG00488,26,Abuja,Business,11,58,46848.01,9770.39,0,1,0,45,4,0
NG00489,27,Enugu,Basic,33,5,11600.74,30246.94,0,1,9,17,2,0
NG00490,34,Rivers,Basic,6,5,5814.53,60903.31,1,1,6,42,2,0
NG00491,24,Lagos,Basic,47,30,13023.27,30527.76,1,0,6,79,4,0
NG00492,30,Enugu,Premium,15,54,2073.89,29702.8,1,0,0,32,2,0
NG00493,26,Delta,Basic,32,32,26841.9,81971.2,0,0,0,9,2,0
NG00494,44,Kaduna,Premium,11,8,8892.01,20181.73,1,1,3,72,1,0
NG00495,19,Kano,Basic,23,10,7659.86,88409.13,1,1,4,58,2,0
NG00496,22,Lagos,Premium,26,38,11078.75,23500.43,1,0,4,30,4,0
NG00497,46,Enugu,Premium,34,47,12263.04,17902.97,1,0,3,27,0,0
NG00498,54,Lagos,Premium,46,32,1393.78,27230.3,0,0,7,59,0,0
NG00499,36,Abuja,Basic,34,48,14271.76,64681.4,0,0,6,2,0,0
NG00500,25,Rivers,Premium,29,28,3823.78,6060.48,1,1,8,54,4,0
NG00501,18,Lagos,Basic,4,17,15519.17,9840.49,1,1,6,13,0,1
NG00502,39,Kaduna,Basic,17,31,21247.77,136127.45,0,0,9,57,1,0
NG00503,34,Kaduna,Premium,35,8,20053.15,8683.56,0,1,0,88,4,0
NG00504,24,Oyo,Premium,13,40,10148.97,37741.44,0,0,6,14,4,1
NG00505,42,Oyo,Basic,41,25,9311.88,38964.14,0,1,0,1,4,0
NG00506,21,Lagos,Basic,39,9,2350.07,30267.38,0,0,6,23,2,0
NG00507,53,Abuja,Premium,15,2,18418.33,46571.41,1,0,9,77,2,1
NG00508,23,Abuja,Premium,29,15,4299.72,11751.29,1,0,7,63,2,0
NG00509,48,Kano,Basic,29,50,8738.72,36199.86,0,1,8,70,3,0
NG00510,36,Delta,Premium,11,3,4513.5,20947.1,0,1,2,23,1,0
NG00511,44,Delta,Basic,32,49,2224.07,48767.64,0,1,3,26,4,0
NG00512,27,Enugu,Premium,2,36,12416.69,6851.1,0,0,3,36,4,0
NG00513,43,Delta,Business,47,4,1170.37,38070.57,1,0,8,38,2,0
NG00514,36,Rivers,Basic,14,14,17070.68,9220.45,1,0,6,62,4,0
NG00515,20,Abuja,Premium,20,41,5085.44,14697.95,0,1,2,78,4,0
NG00516,30,Kano,Basic,22,41,501.62,11106.39,1,0,9,25,0,1
NG00517,45,Oyo,Premium,11,25,9087.88,9086.29,1,1,4,64,4,0
NG00518,37,Kaduna,Premium,27,58,1075.82,78616.81,1,1,6,3,3,0
NG00519,45,Delta,Business,3,55,4378.38,15140.83,0,1,7,28,2,0
NG00520,25,Oyo,Basic,17,50,15230.03,117854.68,1,0,0,0,1,0
NG00521,18,Oyo,Basic,44,10,1276.89,157685.03,0,0,1,49,1,0
NG00522,20,Lagos,Basic,28,21,22441.47,38110.76,0,0,6,85,0,0
NG00523,30,Rivers,Business,29,36,545.93,6944.34,0,1,1,10,1,0
NG00524,45,Kano,Premium,21,12,3901.47,21117.65,0,1,6,73,1,0
NG00525,42,Rivers,Premium,47,27,16706.68,71917.34,0,0,8,58,2,0
NG00526,50,Lagos,Basic,16,40,5062.31,20605.6,0,0,1,61,2,0
NG00527,23,Kano,Business,37,2,1789.58,4096.72,0,1,6,80,3,0
NG00528,49,Kano,Premium,20,54,5859.83,36616.5,1,1,3,35,0,0
NG00529,38,Abuja,Premium,6,13,4283.0,83929.96,1,0,1,55,1,0
NG00530,33,Rivers,Basic,19,53,22696.11,71517.35,0,1,6,89,3,0
NG00531,38,Rivers,Basic,5,32,5011.13,8663.45,1,0,4,20,0,0
NG00532,28,Abuja,Premium,3,31,19166.93,50268.4,1,0,0,12,1,0
NG00533,54,Enugu,Premium,1,16,27193.29,11209.86,1,1,4,8,1,1
NG00534,53,Oyo,Basic,38,32,7326.06,11077.47,0,1,2,10,2,0
NG00535,52,Lagos,Premium,15,32,29387.77,93241.94,1,1,6,74,4,0
NG00536,36,Rivers,Basic,34,34,6184.63,12925.83,1,0,5,69,0,0
NG00537,37,Abuja,Premium,35,11,40417.0,13747.64,1,1,7,0,1,0
NG00538,35,Kaduna,Premium,25,10,1622.36,29.41,0,0,4,69,0,0
NG00539,31,Enugu,Basic,24,15,14439.36,92042.12,0,0,1,76,3,0
NG00540,32,Kano,Premium,12,17,8670.21,70788.64,1,1,8,85,3,0
NG00541,48,Delta,Basic,18,40,6385.39,44417.66,0,0,7,55,4,1
NG00542,18,Kaduna,Basic,15,18,12519.3,62431.11,0,1,5,30,1,1
NG00543,20,Abuja,Premium,44,55,15102.96,7421.94,0,1,9,85,2,0
NG00544,33,Delta,Basic,16,9,552.47,27588.89,1,0,6,36,1,0
NG00545,40,Oyo,Basic,27,25,2691.98,19469.73,1,0,8,46,0,1
NG00546,28,Lagos,Basic,8,40,15481.2,4431.12,0,0,6,77,3,0
NG00547,29,Delta,Basic,46,59,13673.23,29960.37,1,0,2,46,0,0
NG00548,27,Enugu,Basic,25,14,41093.52,114075.78,0,1,5,68,4,0
NG00549,49,Oyo,Basic,17,58,17677.4,1839.76,1,1,6,57,3,0
NG00550,33,Delta,Premium,29,25,36635.69,15504.75,1,0,1,35,2,0
NG00551,25,Kano,Basic,8,50,15049.73,10467.65,1,0,2,31,3,0
NG00552,29,Kano,Premium,15,22,4746.75,12240.05,1,1,3,63,1,0
NG00553,41,Enugu,Basic,27,52,1836.07,107581.56,0,1,9,70,1,0
NG00554,45,Kano,Basic,46,30,18769.43,28405.87,1,0,5,41,3,0
NG00555,25,Kano,Basic,7,20,12898.93,28256.41,0,0,0,47,4,0
NG00556,45,Abuja,Business,3,21,1092.63,64328.3,1,1,8,73,1,0
NG00557,53,Kano,Premium,29,44,5856.39,7551.81,1,0,4,80,1,0
NG00558,43,Kaduna,Premium,44,32,38202.93,30059.86,1,0,6,29,2,0
NG00559,25,Kano,Basic,24,51,8827.4,25294.18,0,1,8,20,3,0
NG00560,45,Kaduna,Premium,3,46,7303.02,40886.87,1,1,8,59,1,0
NG00561,45,Abuja,Basic,20,49,7843.22,347558.83,0,1,0,12,4,0
NG00562,54,Kano,Basic,46,56,3311.71,66027.72,0,1,0,0,0,0
NG00563,53,Enugu,Premium,15,21,6019.83,22827.36,1,1,2,64,3,0
NG00564,44,Oyo,Basic,25,35,6040.87,79094.95,0,0,5,32,2,0
NG00565,34,Enugu,Business,30,58,1145.3,8423.25,1,0,1,37,1,0
NG00566,26,Oyo,Basic,14,32,18009.87,1392.18,0,0,9,24,4,1
NG00567,50,Rivers,Business,7,30,6964.62,10292.38,0,0,0,25,3,0
NG00568,37,Oyo,Premium,17,55,21223.79,18726.26,1,1,0,76,4,0
NG00569,30,Lagos,Premium,44,39,23293.31,32154.11,0,1,4,58,4,0
NG00570,45,Lagos,Basic,20,49,3359.0,42968.13,0,1,3,32,2,0
NG00571,46,Lagos,Basic,36,12,13352.67,108661.43,1,1,0,40,3,0
NG00572,30,Abuja,Business,9,41,8170.31,32087.34,0,0,3,29,1,0
NG00573,52,Enugu,Basic,38,47,25958.85,31306.58,1,0,2,56,2,0
NG00574,23,Oyo,Premium,22,18,3416.19,2319.71,0,1,1,48,1,0
NG00575,35,Enugu,Business,2,21,14091.49,1599.1,1,1,8,47,0,0
NG00576,22,Kaduna,Basic,24,13,11730.34,36048.99,1,1,0,71,4,0
NG00577,42,Lagos,Premium,8,21,4699.82,25945.71,1,1,6,48,0,0
NG00578,19,Rivers,Premium,11,8,2262.54,82236.24,0,1,3,46,4,0
NG00579,27,Abuja,Basic,13,46,13154.22,7882.32,1,1,4,55,2,0
NG00580,47,Rivers,Basic,17,40,16600.33,1137.99,1,0,9,64,1,0
NG00581,22,Oyo,Basic,8,46,5051.03,26824.09,1,1,4,11,1,0
NG00582,50,Kano,Basic,21,7,12921.99,12200.61,0,1,0,68,2,0
NG00583,18,Rivers,Premium,18,23,6532.92,2289.94,1,0,5,87,3,0
NG00584,35,Kano,Basic,30,44,15487.93,58028.6,1,1,8,5,0,0
NG00585,49,Abuja,Business,18,32,3165.96,5324.64,0,0,1,88,0,0
NG00586,28,Rivers,Basic,46,11,27010.78,42178.9,0,1,6,64,1,0
NG00587,38,Rivers,Premium,47,22,4566.18,14848.34,1,0,5,24,1,0
NG00588,43,Delta,Premium,31,22,6002.33,8574.78,0,1,4,0,1,0
NG00589,42,Abuja,Basic,38,43,1218.17,21493.58,1,0,3,31,2,0
NG00590,39,Abuja,Basic,32,25,1918.81,72751.19,1,1,3,2,3,0
NG00591,44,Lagos,Premium,11,22,9204.62,22398.04,1,0,5,48,0,0
NG00592,30,Oyo,Business,45,28,4237.02,62522.0,0,0,3,18,4,0
NG00593,50,Rivers,Basic,25,29,22156.69,6033.93,0,0,4,59,2,0
NG00594,51,Enugu,Basic,33,13,677.63,66680.95,1,1,5,28,0,0
NG00595,52,Rivers,Basic,38,18,6218.91,12168.44,0,0,4,49,3,0
NG00596,18,Kaduna,Basic,41,2,5438.02,50909.44,1,0,6,1,2,0
NG00597,38,Abuja,Premium,8,29,734.2,37539.34,0,1,8,72,0,0
NG00598,23,Enugu,Premium,11,21,2093.72,119120.21,0,1,9,55,2,0
NG00599,45,Abuja,Basic,22,15,6905.91,22046.25,0,1,6,16,0,0
NG00600,34,Oyo,Business,24,52,8647.73,3080.51,0,0,6,59,0,0
NG00601,22,Abuja,Basic,41,27,6716.01,870.36,1,1,3,35,3,0
NG00602,48,Kano,Premium,17,50,9584.24,78914.09,0,0,0,60,4,0
NG00603,22,Kano,Basic,12,31,11350.32,33474.78,0,0,7,16,3,0
NG00604,20,Delta,Basic,46,15,619.68,67173.31,0,1,3,48,0,0
NG00605,40,Kano,Basic,32,51,7985.58,12020.8,0,1,0,75,2,0
NG00606,54,Kano,Basic,15,23,40225.07,19046.16,0,1,4,59,3,0
NG00607,54,Oyo,Premium,16,24,9283.46,1375.48,1,0,7,19,4,1
NG00608,27,Rivers,Premium,22,44,14081.4,146560.4,0,0,3,49,0,0
NG00609,27,Kano,Basic,28,13,4985.22,49600.01,0,0,7,2,3,1
NG00610,36,Enugu,Premium,20,22,18346.19,121775.78,0,1,7,42,3,0
NG00611,34,Delta,Basic,33,43,18289.51,13885.22,1,0,2,56,3,0
NG00612,38,Abuja,Premium,10,37,9340.08,42541.58,0,0,8,49,3,0
NG00613,31,Kano,Basic,40,33,45263.33,51064.09,0,0,2,67,2,0
NG00614,26,Delta,Basic,32,56,2109.92,17192.95,1,1,0,80,4,0
NG00615,18,Oyo,Basic,33,3,705.12,84806.72,0,0,1,49,4,0
NG00616,30,Kaduna,Premium,2,54,18144.37,132323.15,0,1,5,36,0,0
NG00617,21,Kaduna,Premium,33,19,20250.46,97270.38,0,0,9,45,1,0
NG00618,18,Kaduna,Basic,33,23,2036.83,60457.12,1,1,1,41,2,0
NG00619,49,Abuja,Basic,41,29,4204.14,14624.5,0,0,5,14,0,0
NG00620,51,Delta,Basic,13,30,712.5,14883.8,1,1,0,32,0,0
NG00621,45,Kano,Premium,30,39,4665.93,148798.06,1,1,0,79,3,0
NG00622,48,Rivers,Premium,33,44,18301.17,465.2,0,0,4,10,1,0
NG00623,25,Abuja,Basic,13,47,9256.75,56653.07,0,1,9,19,1,1
NG00624,43,Abuja,Basic,26,25,5634.29,55125.59,0,0,8,23,2,1
NG00625,51,Kaduna,Premium,22,37,6077.6,43860.91,1,1,7,63,1,0
NG00626,20,Rivers,Basic,39,47,516.25,207725.15,0,1,2,79,0,0
NG00627,29,Kaduna,Basic,2,8,4776.68,16820.6,0,0,2,64,1,0
NG00628,18,Abuja,Basic,38,42,12977.06,18696.28,0,0,0,87,1,0
NG00629,22,Kano,Basic,39,58,44385.99,3700.33,1,0,2,87,4,0
NG00630,47,Kaduna,Premium,26,16,23032.58,26317.25,0,0,0,72,0,0
NG00631,47,Kaduna,Premium,46,8,786.53,13613.54,1,0,7,85,1,0
NG00632,34,Enugu,Basic,15,1,27959.52,18929.7,0,0,0,75,1,0
NG00633,40,Kaduna,Premium,34,44,18845.27,80964.81,0,0,4,16,3,0
NG00634,32,Abuja,Basic,42,5,18690.07,123338.25,0,1,8,88,1,0
NG00635,54,Kano,Premium,44,3,7849.78,9246.02,0,0,6,60,1,0
NG00636,38,Rivers,Premium,40,1,6590.08,20971.16,0,0,3,14,4,0
NG00637,31,Lagos,Premium,11,4,4830.19,118794.85,0,1,8,50,0,1
NG00638,19,Rivers,Basic,3,40,1315.43,2871.05,1,0,8,26,2,1
NG00639,28,Kano,Basic,6,35,3608.91,4360.86,1,0,1,85,0,0
NG00640,51,Oyo,Basic,9,32,3897.97,7995.67,1,0,9,73,3,1
NG00641,51,Kaduna,Premium,6,42,8441.57,40697.72,0,1,9,60,0,0
NG00642,35,Rivers,Basic,9,34,17013.49,7338.36,0,1,5,57,1,0
NG00643,47,Oyo,Business,39,43,8205.11,154998.41,0,0,3,30,3,0
NG00644,32,Oyo,Business,31,25,1215.02,26634.65,1,1,7,11,0,0
NG00645,44,Kano,Premium,32,10,38481.12,31328.45,1,1,6,45,3,0
NG00646,51,Kano,Business,41,21,34818.55,12745.66,0,1,6,30,2,0
NG00647,50,Enugu,Basic,12,46,18955.99,28651.13,0,1,9,31,0,0
NG00648,41,Kaduna,Basic,8,39,57471.73,48800.43,0,1,8,31,1,1
NG00649,32,Lagos,Basic,8,27,9935.85,62595.63,0,0,4,52,3,0
NG00650,47,Delta,Premium,28,27,39987.15,63084.94,0,0,5,60,4,0
NG00651,34,Abuja,Basic,20,2,1443.39,38812.14,1,0,0,45,3,0
NG00652,22,Rivers,Business,47,41,5962.43,105622.28,1,1,5,84,4,0
NG00653,46,Kano,Basic,7,48,3564.61,76522.51,0,1,1,73,1,0
NG00654,21,Rivers,Basic,11,13,3115.38,63670.13,0,1,5,79,2,0
NG00655,27,Delta,Premium,20,9,2321.08,2574.51,1,1,8,6,4,0
NG00656,34,Delta,Basic,16,52,12187.47,310.58,0,0,7,3,2,1
NG00657,27,Kaduna,Basic,4,36,18741.85,10747.12,0,1,8,51,3,0
NG00658,34,Oyo,Premium,6,22,10861.49,49015.23,0,1,9,88,1,0
NG00659,37,Kaduna,Basic,22,42,2407.42,23834.9,0,1,7,30,4,0
NG00660,41,Abuja,Basic,26,26,20499.96,23167.99,0,1,2,74,3,0
NG00661,22,Lagos,Basic,3,58,12625.72,97165.68,1,1,7,83,0,0
NG00662,51,Rivers,Basic,41,54,6395.53,101662.64,0,0,5,35,3,0
NG00663,23,Abuja,Business,42,12,13955.09,107947.06,0,1,5,53,2,0
NG00664,19,Enugu,Premium,14,17,4111.72,16951.5,1,0,5,53,1,0
NG00665,30,Lagos,Basic,11,14,5580.96,52856.76,0,1,2,16,1,0
NG00666,28,Rivers,Basic,18,14,30437.42,14262.77,1,1,9,74,3,0
NG00667,40,Abuja,Basic,12,57,4618.41,9516.34,1,0,0,29,0,0
NG00668,33,Kano,Business,23,34,8118.27,9185.23,0,1,3,21,2,0
NG00669,48,Rivers,Basic,12,53,27002.71,18842.13,1,0,9,42,3,0
NG00670,28,Abuja,Basic,13,57,15260.57,25292.01,0,0,5,26,3,0
NG00671,33,Delta,Premium,25,20,1270.66,79990.01,1,0,9,36,1,0
NG00672,25,Lagos,Business,45,11,2412.21,5746.93,0,1,1,45,2,0
NG00673,21,Abuja,Basic,19,16,594.47,59748.56,1,1,6,34,0,0
NG00674,21,Kano,Basic,46,51,12460.96,34115.53,1,1,6,3,1,0
NG00675,42,Kaduna,Basic,36,31,7623.39,15282.03,0,0,3,79,3,0
NG00676,20,Rivers,Basic,45,55,2230.25,30549.98,0,1,3,79,1,0
NG00677,49,Enugu,Premium,8,6,38522.22,16046.65,1,1,0,84,1,0
NG00678,20,Rivers,Premium,29,56,9551.59,40794.45,1,0,1,25,4,0
NG00679,44,Rivers,Premium,32,19,3823.17,25599.85,0,0,8,18,1,1
NG00680,46,Kano,Basic,44,37,8832.26,8082.53,1,0,9,80,1,0
NG00681,49,Lagos,Basic,18,58,14158.98,5578.11,0,1,7,44,2,0
NG00682,36,Rivers,Basic,6,4,1451.63,35603.62,0,1,7,25,1,1
NG00683,38,Lagos,Basic,18,47,4354.1,104715.51,0,1,8,21,0,0
NG00684,22,Abuja,Premium,19,4,20238.64,18968.85,0,0,6,57,3,1
NG00685,35,Delta,Basic,22,20,7886.79,59422.82,1,1,8,62,2,0
NG00686,45,Enugu,Basic,37,10,9991.16,48369.61,0,0,9,27,1,1
NG00687,39,Delta,Basic,32,24,7304.86,120677.56,1,0,1,64,0,0
NG00688,38,Lagos,Basic,41,54,1038.71,77411.85,0,1,5,43,3,0
NG00689,23,Lagos,Basic,3,35,2674.66,37624.78,0,0,2,42,2,0
NG00690,18,Delta,Premium,28,26,7577.16,48155.12,0,1,5,36,0,0
NG00691,22,Rivers,Basic,10,37,3316.3,102896.03,0,0,2,65,1,0
NG00692,29,Oyo,Premium,35,38,1115.25,22951.08,0,1,7,16,4,0
NG00693,43,Oyo,Basic,29,21,22767.87,17806.72,0,0,3,39,4,0
NG00694,51,Kano,Basic,15,54,48182.01,489.15,0,1,9,37,2,1
NG00695,31,Enugu,Business,33,40,19408.72,78834.24,0,0,5,84,0,0
NG00696,43,Kaduna,Basic,7,39,23572.12,72645.91,0,0,8,60,3,1
NG00697,44,Delta,Premium,12,21,3824.5,4964.5,0,1,1,8,0,0
NG00698,26,Delta,Basic,30,10,39316.09,38702.07,1,0,1,76,4,0
NG00699,43,Kano,Premium,21,38,3131.7,28061.41,1,1,6,74,2,0
NG00700,39,Enugu,Premium,31,46,36796.94,5686.54,0,1,1,60,1,0
NG00701,47,Oyo,Business,24,4,63653.77,177338.06,0,0,1,79,0,0
NG00702,34,Abuja,Premium,20,57,15425.99,10875.79,0,0,3,15,4,0
NG00703,43,Rivers,Premium,37,45,48150.92,3132.05,1,1,8,1,3,0
NG00704,53,Rivers,Basic,4,20,10614.8,40657.11,0,1,7,71,2,0
NG00705,18,Abuja,Premium,28,17,4105.83,60422.59,0,1,1,42,1,0
NG00706,25,Abuja,Premium,44,55,7393.62,1484.16,0,1,7,41,0,0
NG00707,52,Enugu,Basic,20,7,11303.86,48377.03,0,1,3,76,3,0
NG00708,32,Oyo,Basic,24,4,1410.68,34195.99,0,0,1,56,1,0
NG00709,39,Kano,Premium,32,29,12185.24,4904.77,1,1,9,80,4,0
NG00710,31,Abuja,Basic,41,14,48172.64,8521.88,0,1,6,87,4,0
NG00711,43,Kano,Basic,36,3,3030.25,37767.16,1,0,5,66,3,0
NG00712,45,Enugu,Business,34,24,19376.99,15816.83,0,0,9,29,4,0
NG00713,40,Kaduna,Basic,36,37,29118.41,125357.68,0,0,4,12,2,0
NG00714,31,Lagos,Basic,2,16,35025.07,76852.08,1,0,0,18,3,0
NG00715,41,Rivers,Premium,15,58,39167.26,184881.44,0,1,1,6,4,0
NG00716,19,Oyo,Basic,34,55,9344.18,13529.72,1,0,7,8,0,0
NG00717,43,Rivers,Premium,36,52,45928.87,157382.45,0,0,0,82,4,0
NG00718,31,Oyo,Basic,6,4,17491.65,25392.87,0,0,2,53,2,0
NG00719,24,Enugu,Basic,39,56,2616.14,19213.78,1,1,1,85,1,0
NG00720,20,Lagos,Basic,42,24,8275.79,2324.76,0,1,4,81,1,0
NG00721,40,Rivers,Business,12,34,15704.28,2439.38,1,0,3,60,4,0
NG00722,35,Lagos,Basic,3,30,3909.71,52996.14,0,0,6,86,1,0
NG00723,52,Enugu,Basic,45,18,12780.34,27556.12,1,1,4,1,4,0
NG00724,32,Oyo,Basic,18,19,13680.96,11558.59,0,1,7,49,2,0
NG00725,42,Abuja,Basic,40,31,2630.87,42832.84,0,0,3,74,1,0
NG00726,54,Kaduna,Basic,21,19,10491.26,13117.51,1,0,5,30,0,0
NG00727,45,Rivers,Basic,15,49,18221.3,38784.5,1,0,3,32,4,0
NG00728,27,Lagos,Premium,33,46,8791.29,20027.32,1,0,1,77,1,0
NG00729,34,Delta,Basic,35,19,646.12,78062.87,1,1,0,79,2,0
NG00730,39,Rivers,Premium,26,22,608.95,77340.31,1,1,0,10,2,0
NG00731,43,Rivers,Premium,8,24,5799.87,29197.98,0,0,7,32,0,1
NG00732,42,Rivers,Basic,36,45,31775.79,19441.97,0,1,3,6,2,0
NG00733,34,Kano,Basic,30,12,3615.77,20263.27,0,0,4,30,2,0
NG00734,30,Lagos,Premium,23,30,12573.39,73729.2,0,1,7,47,1,0
NG00735,37,Lagos,Premium,42,58,3513.52,17899.38,0,1,6,46,4,0
NG00736,42,Rivers,Basic,44,38,5157.46,10553.96,0,0,7,77,3,0
NG00737,21,Enugu,Business,14,53,23109.82,3982.08,0,0,7,52,2,0
NG00738,27,Enugu,Basic,14,31,16161.5,28289.62,1,1,5,79,2,0
NG00739,20,Abuja,Basic,2,36,1703.14,29611.58,0,0,9,18,3,1
NG00740,35,Rivers,Basic,37,19,7218.13,82722.47,0,0,1,80,2,0
NG00741,53,Kano,Business,5,48,855.24,11252.28,0,1,5,89,1,0
NG00742,39,Oyo,Premium,38,45,8367.68,21583.62,1,1,0,5,1,0
NG00743,51,Kano,Premium,45,36,13531.93,74356.89,1,0,0,48,3,0
NG00744,25,Enugu,Basic,41,30,2013.6,78081.07,1,1,2,72,2,0
NG00745,36,Abuja,Basic,47,55,4591.05,21847.54,0,0,2,49,2,0
NG00746,54,Enugu,Basic,14,49,6586.72,27655.44,0,1,4,80,4,0
NG00747,23,Enugu,Premium,39,55,30738.6,16262.11,0,1,0,11,2,0
NG00748,43,Enugu,Basic,25,33,60487.47,121339.85,0,1,9,22,1,0
NG00749,51,Rivers,Basic,20,18,1051.41,5683.2,0,0,5,53,0,1
NG00750,23,Enugu,Basic,2,52,17675.9,122144.0,0,1,6,68,0,0
NG00751,54,Lagos,Business,39,49,6077.31,51821.57,0,1,9,58,0,0
NG00752,50,Kaduna,Basic,6,59,6480.01,34126.79,1,0,2,35,0,0
NG00753,39,Delta,Basic,17,28,17342.02,1494.19,1,0,3,2,2,0
NG00754,38,Rivers,Basic,25,59,30575.0,29047.2,0,0,9,57,2,0
NG00755,23,Abuja,Business,28,47,36673.75,23572.05,0,0,9,87,4,0
NG00756,23,Lagos,Business,2,11,10828.08,7911.24,0,1,9,54,2,1
NG00757,21,Kano,Premium,35,57,5801.59,48073.73,0,0,9,56,0,0
NG00758,47,Enugu,Basic,37,54,19088.53,159555.45,1,0,9,16,3,0
NG00759,28,Oyo,Basic,5,45,3968.22,37168.54,0,1,2,38,3,0
NG00760,47,Oyo,Business,1,33,10463.39,56448.03,1,0,0,89,1,0
NG00761,48,Kaduna,Basic,40,17,5828.82,3190.77,0,1,7,67,1,0
NG00762,41,Rivers,Basic,12,6,13327.4,24332.08,1,0,9,54,2,0
NG00763,26,Kano,Basic,36,4,3799.54,5566.67,0,1,9,44,3,0
NG00764,20,Kaduna,Business,45,20,3052.27,42696.14,1,1,1,75,0,0
NG00765,48,Delta,Basic,23,48,30547.47,125479.26,0,1,0,0,0,0
NG00766,54,Delta,Premium,47,47,1788.4,48782.34,1,0,7,20,0,0
NG00767,53,Kaduna,Premium,31,27,8961.61,3596.07,0,1,6,82,2,0
NG00768,41,Abuja,Basic,11,15,3494.66,19709.44,0,0,6,20,2,1
NG00769,48,Oyo,Basic,10,6,976.5,35999.23,1,0,3,51,4,0
NG00770,23,Kano,Business,3,47,940.2,23228.38,1,0,8,81,0,1
NG00771,19,Rivers,Business,14,14,2811.69,80713.14,1,1,5,42,0,0
NG00772,37,Enugu,Premium,16,11,24688.17,75853.02,1,0,1,51,2,0
NG00773,45,Lagos,Premium,10,39,4483.43,42584.15,1,1,0,66,2,0
NG00774,28,Rivers,Basic,29,9,36559.5,21039.27,0,0,0,43,4,0
NG00775,21,Rivers,Business,10,26,10956.45,13267.02,0,0,8,31,4,1
NG00776,32,Kano,Basic,12,16,7385.49,5035.9,0,1,3,9,1,0
NG00777,23,Oyo,Premium,30,5,10912.55,19725.59,1,0,4,63,3,0
NG00778,47,Kano,Business,41,57,9225.37,23986.1,0,1,2,78,0,0
NG00779,19,Lagos,Premium,1,52,17564.36,50690.94,0,0,3,68,0,0
NG00780,32,Kaduna,Premium,5,10,4483.72,48303.54,0,1,7,67,4,0
NG00781,28,Kano,Premium,20,50,5725.84,3270.91,1,1,3,27,4,0
NG00782,25,Abuja,Basic,8,3,27442.47,22633.0,0,0,8,52,1,1
NG00783,43,Rivers,Premium,43,13,35627.13,9028.02,0,0,8,50,3,1
NG00784,22,Oyo,Basic,12,43,27269.67,7675.48,0,1,5,52,1,0
NG00785,23,Enugu,Premium,1,49,7025.31,79029.53,0,1,1,3,3,0
NG00786,43,Delta,Basic,20,30,18689.49,1926.86,0,0,9,78,0,0
NG00787,21,Lagos,Basic,28,54,8262.85,24449.37,1,0,6,16,1,0
NG00788,36,Delta,Premium,43,45,8758.87,8287.54,1,1,8,66,4,0
NG00789,37,Rivers,Business,37,6,3248.13,95161.39,1,1,5,73,1,0
NG00790,50,Kano,Basic,47,17,11232.31,36642.46,0,0,2,46,1,0
NG00791,37,Delta,Premium,37,59,2971.54,11842.17,1,0,6,55,0,0
NG00792,29,Abuja,Premium,12,45,5333.79,31410.61,0,0,4,22,4,0
NG00793,18,Kano,Business,37,51,23674.76,59168.41,0,1,0,17,4,0
NG00794,43,Rivers,Basic,44,53,3284.33,142780.47,1,0,2,0,2,0
NG00795,31,Delta,Premium,28,19,1385.8,11206.5,0,1,4,34,2,0
NG00796,54,Enugu,Business,47,42,1358.05,97791.87,0,0,6,63,2,0
NG00797,28,Kaduna,Basic,15,35,34418.87,122522.35,1,0,2,57,0,0
NG00798,53,Lagos,Business,6,46,8985.02,111688.09,0,1,5,58,1,0
NG00799,30,Delta,Business,44,26,6819.64,45404.72,1,1,4,0,4,0
NG00800,20,Enugu,Business,20,51,20484.39,44719.55,0,1,0,2,4,0
NG00801,50,Kaduna,Basic,14,5,22181.94,23228.6,1,0,9,66,1,0
NG00802,23,Kaduna,Basic,2,29,5345.04,62816.95,0,1,5,36,4,0
NG00803,27,Delta,Business,9,37,14695.07,34100.08,0,1,7,82,1,0
NG00804,22,Oyo,Basic,37,20,18194.84,50915.71,1,0,0,28,0,0
NG00805,40,Delta,Premium,20,49,13258.39,25173.77,0,0,1,88,0,0
NG00806,27,Rivers,Basic,26,21,2472.77,59170.1,0,0,3,32,0,0
NG00807,19,Kaduna,Basic,29,10,25538.38,78297.93,0,0,1,60,1,0
NG00808,30,Lagos,Basic,1,5,9794.75,7125.08,0,1,8,89,1,0
NG00809,19,Rivers,Premium,35,36,4483.33,80520.33,0,0,9,3,3,1
NG00810,37,Abuja,Basic,6,6,7145.39,34972.81,0,1,7,13,4,1
NG00811,18,Kano,Premium,37,26,959.54,83797.97,1,1,7,32,4,0
NG00812,54,Delta,Premium,5,4,2141.76,25398.24,0,1,3,21,3,0
NG00813,26,Oyo,Premium,33,39,17905.99,21442.02,0,1,4,47,3,0
NG00814,34,Lagos,Premium,14,39,500.14,110961.85,0,0,3,2,0,0
NG00815,26,Oyo,Basic,12,50,6965.88,13015.9,0,0,8,86,3,0
NG00816,28,Oyo,Basic,42,35,9370.55,83666.76,1,0,1,84,1,0
NG00817,32,Oyo,Basic,20,1,1174.2,29775.98,0,1,7,22,2,1
NG00818,41,Delta,Premium,24,24,43877.81,32478.44,1,0,1,67,1,0
NG00819,52,Lagos,Premium,43,57,3576.14,16598.08,0,1,0,20,3,0
NG00820,47,Lagos,Basic,34,36,4852.29,38298.15,1,0,9,42,4,0
NG00821,48,Kaduna,Basic,25,6,4847.88,17701.0,0,0,2,84,1,0
NG00822,22,Oyo,Premium,29,41,3642.87,1802.76,1,0,8,25,4,1
NG00823,31,Kaduna,Basic,39,54,517.7,14285.35,0,1,2,40,1,0
NG00824,28,Kaduna,Business,31,46,16182.91,287.98,0,1,8,37,4,0
NG00825,26,Kano,Basic,47,44,41378.92,172483.69,0,0,6,87,1,0
NG00826,51,Delta,Business,43,57,3547.77,151829.43,0,1,9,10,4,0
NG00827,29,Delta,Basic,23,31,13553.75,22625.26,1,0,0,28,2,0
NG00828,52,Rivers,Basic,44,20,16752.73,58649.29,0,1,9,59,0,0
NG00829,52,Enugu,Basic,38,24,23140.13,19095.82,0,1,4,66,1,0
NG00830,18,Kaduna,Basic,20,25,7091.25,50039.13,1,0,8,64,2,0
NG00831,39,Delta,Basic,23,36,4830.45,73663.36,0,1,2,60,0,0
NG00832,46,Oyo,Basic,45,21,5221.76,131979.36,1,0,8,18,1,0
NG00833,25,Enugu,Premium,16,30,15463.45,23003.08,1,1,4,45,2,0
NG00834,28,Abuja,Basic,42,24,20864.78,68815.44,0,0,8,48,2,0
NG00835,54,Oyo,Premium,8,44,2905.05,13911.69,1,1,9,21,2,0
NG00836,31,Lagos,Basic,21,42,6062.36,208753.44,0,0,5,77,3,0
NG00837,47,Delta,Business,1,30,28366.13,1174.84,0,1,8,56,4,1
NG00838,52,Enugu,Premium,8,22,20221.74,41631.84,0,1,6,13,0,1
NG00839,38,Delta,Basic,29,28,50783.71,48481.1,0,1,6,43,4,0
NG00840,54,Rivers,Basic,32,7,17341.2,52420.42,1,1,7,15,4,0
NG00841,22,Kaduna,Basic,38,35,6494.58,5772.33,1,1,6,76,4,0
NG00842,36,Abuja,Basic,5,55,11217.86,125514.11,0,0,8,11,2,0
NG00843,31,Delta,Premium,47,28,13481.57,8995.28,0,0,8,54,4,0
NG00844,43,Rivers,Premium,22,14,1480.45,43868.53,1,0,5,50,3,0
NG00845,21,Rivers,Business,47,56,9936.23,11335.42,0,1,6,38,1,0
NG00846,42,Abuja,Premium,34,10,15326.42,16516.69,0,0,1,32,2,0
NG00847,42,Oyo,Business,1,16,2697.29,35580.09,0,1,8,32,0,1
NG00848,35,Oyo,Business,26,16,18704.04,24295.5,1,1,0,28,1,0
NG00849,25,Oyo,Business,43,54,11018.29,7857.99,0,0,0,68,1,0
NG00850,31,Kano,Basic,10,31,36994.23,8435.63,1,0,2,69,1,0
NG00851,49,Kaduna,Basic,30,42,1020.18,24369.01,1,0,5,30,4,0
NG00852,50,Enugu,Basic,18,25,4199.94,63713.66,0,0,4,79,4,0
NG00853,40,Kaduna,Premium,17,13,11542.2,102709.62,0,0,1,30,2,0
NG00854,32,Oyo,Basic,26,6,4721.27,3954.52,1,0,8,88,4,0
NG00855,50,Abuja,Basic,8,44,15538.97,22472.9,0,1,9,45,4,1
NG00856,42,Kano,Basic,47,9,17575.76,4753.5,1,1,3,76,4,0
NG00857,34,Kaduna,Basic,40,45,1797.92,752.93,1,0,3,51,2,0
NG00858,50,Oyo,Premium,12,36,9154.97,48774.48,1,0,4,9,2,0
NG00859,19,Kano,Basic,27,56,9033.06,41509.49,1,0,7,87,3,0
NG00860,31,Enugu,Premium,8,43,6030.73,8007.93,1,1,9,73,3,0
NG00861,23,Abuja,Premium,25,20,32923.3,11984.8,1,1,3,40,3,0
NG00862,23,Oyo,Basic,46,18,21588.74,1079.7,0,0,4,76,3,0
NG00863,20,Enugu,Premium,4,58,14836.56,81067.05,0,0,3,2,1,0
NG00864,24,Lagos,Premium,33,43,15534.87,165446.07,0,1,5,58,1,0
NG00865,25,Enugu,Basic,1,57,7932.43,6550.07,1,1,2,51,3,0
NG00866,32,Delta,Basic,19,21,30958.86,11847.71,0,0,7,33,3,0
NG00867,46,Abuja,Basic,31,4,14733.41,91262.73,1,1,5,48,0,0
NG00868,50,Enugu,Premium,16,50,16166.8,117448.99,0,0,9,27,1,1
NG00869,47,Enugu,Premium,14,33,24239.17,24483.82,1,0,4,82,0,0
NG00870,44,Rivers,Basic,5,27,4343.65,2337.69,0,1,1,86,0,0
NG00871,53,Rivers,Basic,41,7,20245.19,1808.49,1,1,9,12,4,0
NG00872,46,Enugu,Basic,26,6,3106.54,38393.92,0,0,9,68,2,1
NG00873,50,Enugu,Premium,28,15,5583.71,22457.42,0,1,6,66,1,0
NG00874,54,Abuja,Basic,2,18,5406.64,1308.19,0,0,1,60,3,0
NG00875,44,Rivers,Premium,6,32,46590.65,39387.35,1,1,0,59,3,0
NG00876,50,Kaduna,Basic,9,56,23800.16,511.51,0,0,6,70,2,0
NG00877,21,Abuja,Premium,33,11,14994.56,69669.49,0,1,4,23,1,0
NG00878,39,Lagos,Premium,41,20,16081.9,16465.82,1,1,0,62,3,0
NG00879,19,Abuja,Premium,25,24,10408.43,1849.09,1,0,3,85,3,0
NG00880,27,Oyo,Basic,13,15,35770.11,39941.42,1,1,3,60,4,0
NG00881,22,Oyo,Premium,9,48,8728.31,22813.82,0,1,9,22,0,1
NG00882,27,Kano,Basic,13,7,6246.45,163890.52,0,1,6,29,3,0
NG00883,50,Rivers,Basic,31,21,2635.68,35356.42,1,0,8,59,1,0
NG00884,30,Enugu,Premium,41,42,19012.89,14486.11,0,1,1,17,2,0
NG00885,48,Delta,Premium,11,26,16411.15,55617.36,1,1,0,55,4,0
NG00886,53,Rivers,Premium,4,44,6321.02,14254.05,0,0,1,52,1,0
NG00887,41,Kaduna,Basic,34,56,806.19,105567.51,0,1,6,6,4,0
NG00888,32,Abuja,Premium,38,14,22416.01,21130.15,0,0,9,68,0,0
NG00889,46,Delta,Premium,46,57,637.8,35919.7,0,0,5,71,3,0
NG00890,25,Delta,Business,4,37,15096.58,2335.35,0,1,3,78,1,0
NG00891,22,Enugu,Premium,38,58,42681.98,24990.17,0,1,0,51,2,0
NG00892,46,Enugu,Premium,19,21,7407.81,80368.09,1,1,0,3,0,0
NG00893,21,Rivers,Basic,6,18,3714.14,73713.98,0,0,4,33,0,1
NG00894,29,Delta,Premium,34,5,15144.11,11430.6,1,1,0,68,4,0
NG00895,19,Delta,Premium,18,3,20887.64,11532.85,1,0,6,32,0,0
NG00896,44,Oyo,Business,13,23,9987.28,76497.25,0,0,0,68,1,0
NG00897,48,Lagos,Basic,41,26,41447.81,119923.56,0,0,0,37,4,0
NG00898,53,Enugu,Basic,23,37,1136.62,4509.87,1,1,1,25,0,0
NG00899,53,Abuja,Basic,19,24,8933.42,26907.46,1,1,9,0,2,0
NG00900,43,Rivers,Premium,45,49,15709.51,18524.96,1,1,2,3,1,0
NG00901,44,Enugu,Business,11,19,24321.84,92048.88,1,1,0,38,2,0
NG00902,22,Oyo,Basic,1,51,2870.52,3924.92,1,0,8,53,2,1
NG00903,37,Kaduna,Premium,24,25,19813.46,10671.69,0,1,9,89,4,0
NG00904,28,Enugu,Premium,7,21,10154.5,62829.75,0,0,7,32,3,1
NG00905,27,Kaduna,Premium,25,12,6561.18,2369.53,1,0,4,32,4,0
NG00906,23,Kano,Basic,21,57,2194.82,30524.77,0,0,1,71,1,0
NG00907,25,Delta,Premium,15,41,24556.08,26261.47,1,1,4,19,1,0
NG00908,40,Delta,Basic,1,33,2553.35,18318.07,0,1,5,15,4,0
NG00909,43,Rivers,Premium,12,50,4949.08,22581.91,0,1,0,20,3,0
NG00910,29,Lagos,Basic,7,53,4610.65,33970.33,1,0,3,44,4,0
NG00911,43,Lagos,Basic,15,4,25113.89,7919.21,0,0,8,89,1,1
NG00912,30,Rivers,Premium,21,42,13902.65,38188.01,0,1,1,86,3,0
NG00913,35,Rivers,Basic,19,57,19615.77,73663.89,0,0,4,81,1,0
NG00914,42,Oyo,Basic,29,7,3959.67,64250.42,1,1,0,61,3,0
NG00915,50,Kaduna,Premium,25,22,12265.92,7520.29,0,1,3,30,3,0
NG00916,29,Rivers,Premium,33,55,10676.47,7273.64,1,0,3,41,4,0
NG00917,53,Kaduna,Premium,32,33,21964.96,14049.59,0,1,5,11,4,0
NG00918,21,Enugu,Basic,35,17,28884.65,20158.55,1,1,9,64,4,0
NG00919,22,Enugu,Basic,44,24,646.78,23625.83,1,0,8,72,3,0
NG00920,54,Kano,Basic,38,34,13951.03,51231.98,0,1,2,2,3,0
NG00921,25,Kaduna,Basic,26,28,1138.73,2625.76,0,0,8,89,1,0
NG00922,45,Oyo,Business,11,58,10051.7,1587.96,0,1,5,8,2,0
NG00923,48,Enugu,Basic,35,43,4569.94,22384.5,1,1,6,50,4,0
NG00924,26,Delta,Basic,8,41,4896.84,53755.33,0,1,9,15,1,1
NG00925,46,Delta,Basic,46,39,5724.14,9673.7,1,1,1,87,1,0
NG00926,31,Enugu,Basic,14,22,12151.89,46162.76,0,0,9,77,0,1
NG00927,39,Enugu,Premium,10,49,5378.49,13539.28,0,1,5,2,4,0
NG00928,28,Enugu,Premium,2,17,16332.56,97754.06,0,0,5,23,1,0
NG00929,40,Kaduna,Basic,46,34,6720.8,101717.44,0,1,1,72,0,0
NG00930,18,Delta,Basic,9,6,1349.62,15876.32,0,1,1,12,4,0
NG00931,54,Delta,Basic,3,46,18876.39,11761.05,1,0,1,1,3,0
NG00932,38,Abuja,Premium,21,6,4538.41,23843.04,1,0,9,70,0,1
NG00933,43,Enugu,Premium,26,34,7303.82,12381.14,0,1,0,20,3,0
NG00934,53,Kano,Basic,8,1,14379.11,50216.07,1,1,4,18,2,0
NG00935,40,Enugu,Basic,2,10,5349.8,78708.23,1,0,7,88,2,0
NG00936,18,Oyo,Premium,6,21,1199.0,50313.46,1,0,1,46,2,0
NG00937,32,Oyo,Business,28,5,6119.35,78266.9,0,0,4,21,2,0
NG00938,38,Delta,Business,29,2,35185.35,22762.13,0,1,7,74,1,0
NG00939,26,Enugu,Basic,26,22,12817.77,7649.03,0,0,9,32,2,1
NG00940,26,Lagos,Basic,25,48,13857.86,60265.06,1,1,4,31,1,0
NG00941,27,Oyo,Basic,12,57,12505.27,20116.3,0,0,1,63,1,0
NG00942,43,Enugu,Premium,5,2,3162.61,50063.45,0,1,2,84,4,0
NG00943,52,Kano,Business,34,10,7002.3,14201.7,0,0,5,38,1,0
NG00944,42,Rivers,Basic,37,34,17180.73,3812.36,0,1,4,83,1,0
NG00945,43,Enugu,Basic,15,16,1782.65,220671.82,1,0,3,71,2,0
NG00946,28,Kano,Basic,44,48,4406.31,7642.87,0,1,3,41,1,0
NG00947,19,Delta,Basic,36,51,4380.86,200635.27,0,0,4,8,3,0
NG00948,24,Delta,Basic,15,39,7288.01,170302.8,1,1,1,24,2,0
NG00949,35,Abuja,Premium,43,22,47667.59,71054.84,1,1,8,88,0,0
NG00950,44,Kaduna,Basic,23,12,1338.67,48470.13,1,0,1,1,2,0
NG00951,51,Oyo,Basic,6,24,9275.2,38803.18,1,1,9,18,1,0
NG00952,44,Kaduna,Premium,46,47,2872.12,90480.31,1,1,1,19,3,0
NG00953,34,Enugu,Basic,44,40,42852.41,15376.55,0,0,9,69,2,0
NG00954,41,Kaduna,Basic,43,38,1943.03,28373.07,0,0,8,16,3,0
NG00955,42,Oyo,Basic,45,59,6702.14,43469.1,1,0,2,88,0,0
NG00956,24,Oyo,Business,21,10,16567.66,23834.36,1,1,9,67,0,0
NG00957,23,Enugu,Premium,23,35,15131.25,25097.35,1,1,6,83,4,0
NG00958,41,Delta,Basic,43,51,7093.31,18040.61,0,0,3,2,4,0
NG00959,50,Oyo,Premium,16,49,5605.4,37379.02,0,1,5,86,2,0
NG00960,46,Lagos,Basic,47,32,6582.25,85543.09,0,1,3,50,4,0
NG00961,39,Lagos,Premium,15,7,4182.81,10127.51,0,1,9,81,3,0
NG00962,43,Rivers,Premium,25,21,3257.98,122610.75,0,1,6,25,4,0
NG00963,45,Oyo,Business,36,20,8417.47,52570.99,1,1,0,55,3,0
NG00964,38,Abuja,Basic,11,26,4252.45,77991.76,0,1,2,63,4,0
NG00965,24,Rivers,Business,15,4,4567.06,36556.21,0,0,2,7,4,1
NG00966,34,Delta,Business,4,46,13331.77,68037.0,0,1,0,80,4,0
NG00967,37,Oyo,Business,21,52,42007.44,734.99,1,0,5,36,1,0
NG00968,37,Lagos,Premium,13,22,11605.1,76762.85,0,0,8,26,1,1
NG00969,39,Abuja,Basic,22,15,1461.25,1843.5,0,0,7,44,4,0
NG00970,45,Enugu,Basic,19,56,1443.11,99291.95,0,1,6,3,3,0
NG00971,24,Rivers,Basic,34,40,36795.32,217065.06,0,1,9,85,2,0
NG00972,18,Abuja,Basic,14,21,4733.75,15670.6,1,0,7,89,0,0
NG00973,49,Oyo,Premium,4,15,1659.02,10625.65,1,0,5,87,1,0
NG00974,30,Kano,Premium,46,22,11466.86,65237.27,0,0,8,36,4,0
NG00975,47,Abuja,Business,27,52,12226.79,13127.64,0,1,2,70,0,0
NG00976,40,Abuja,Basic,29,28,13046.71,90299.48,1,0,9,32,1,0
NG00977,36,Delta,Basic,47,14,4233.9,4883.58,0,1,9,30,2,0
NG00978,49,Lagos,Premium,28,27,682.71,6058.06,0,0,8,54,3,0
NG00979,47,Enugu,Basic,35,41,40734.16,174171.42,0,0,3,11,4,0
NG00980,46,Oyo,Basic,8,40,3966.48,50416.37,1,0,6,10,2,1
NG00981,46,Abuja,Business,16,58,14025.11,84446.12,0,0,8,87,1,0
NG00982,47,Oyo,Premium,42,28,15215.84,17642.23,0,1,1,71,4,0
NG00983,33,Lagos,Basic,36,26,11799.53,50782.77,1,0,1,31,0,0
NG00984,36,Delta,Premium,30,49,5003.43,40589.91,0,0,8,56,3,0
NG00985,35,Oyo,Premium,18,2,4294.56,41588.87,0,0,2,37,1,0
NG00986,18,Kaduna,Premium,2,25,11425.74,51632.09,1,0,8,59,3,1
NG00987,31,Lagos,Premium,13,56,24627.55,38543.02,0,0,4,85,4,0
NG00988,19,Lagos,Basic,4,3,35689.42,25221.39,1,0,5,18,2,1
NG00989,45,Enugu,Premium,26,8,1843.33,14528.57,0,1,1,83,3,0
NG00990,47,Rivers,Basic,25,44,2518.59,65858.71,0,1,7,55,0,0
NG00991,21,Delta,Basic,30,33,35247.66,11544.09,0,0,8,13,1,0
NG00992,18,Delta,Business,11,42,16506.03,53046.29,0,0,1,32,0,0
NG00993,25,Enugu,Premium,7,52,26246.34,11956.61,0,1,5,9,3,0
NG00994,46,Kaduna,Premium,31,35,3217.28,44176.95,1,0,5,79,2,0
NG00995,20,Oyo,Premium,44,6,11128.73,61860.38,0,0,7,63,2,0
NG00996,49,Kano,Business,10,39,14993.34,11106.62,0,0,9,63,0,1
NG00997,27,Kaduna,Business,39,52,14177.41,2781.68,0,0,4,61,4,0
NG00998,27,Rivers,Basic,13,23,6794.06,6317.19,1,1,8,67,4,0
NG00999,36,Delta,Basic,31,25,686.18,41912.85,0,0,0,42,2,0
NG01000,51,Lagos,Basic,7,59,10993.9,85204.63,0,1,8,79,0,0
